{
  "best_epoch": 0,
  "peak_worker_0_memory_MB": 524.4921875,
  "training_duration": "0:00:21.546990",
  "training_start_epoch": 0,
  "training_epochs": 0,
  "epoch": 0,
  "training_precision": 0.8595147132873535,
  "training_recall": 0.25904542207717896,
  "training_f1": 0.3981070816516876,
  "training_loss": 0.1547267511539387,
  "training_worker_0_memory_MB": 524.4921875,
  "validation_precision": 0.2222222238779068,
  "validation_recall": 0.1807909607887268,
  "validation_f1": 0.19937695562839508,
  "validation_loss": 0.3175228351672248,
  "best_validation_precision": 0.2222222238779068,
  "best_validation_recall": 0.1807909607887268,
  "best_validation_f1": 0.19937695562839508,
  "best_validation_loss": 0.3175228351672248
}