{
  "best_epoch": 0,
  "peak_worker_0_memory_MB": 532.3203125,
  "training_duration": "0:01:34.568178",
  "training_start_epoch": 0,
  "training_epochs": 3,
  "epoch": 3,
  "training_precision": 0.9385307431221008,
  "training_recall": 0.7944162487983704,
  "training_f1": 0.8604810833930969,
  "training_loss": 0.014820768959419627,
  "training_worker_0_memory_MB": 532.3203125,
  "validation_precision": 0.03395061567425728,
  "validation_recall": 0.12643678486347198,
  "validation_f1": 0.05352798104286194,
  "validation_loss": 0.28357889711555034,
  "best_validation_precision": 0.0,
  "best_validation_recall": 0.0,
  "best_validation_f1": 0.0,
  "best_validation_loss": 0.09939446159399651
}