{
  "best_epoch": 0,
  "peak_worker_0_memory_MB": 532.3125,
  "training_duration": "0:01:10.297762",
  "training_start_epoch": 0,
  "training_epochs": 2,
  "epoch": 2,
  "training_precision": 0.9204946756362915,
  "training_recall": 0.6611675024032593,
  "training_f1": 0.7695716023445129,
  "training_loss": 0.021815450580581614,
  "training_worker_0_memory_MB": 532.3125,
  "validation_precision": 0.03164556995034218,
  "validation_recall": 0.05747126415371895,
  "validation_f1": 0.040816325694322586,
  "validation_loss": 0.19204186201569676,
  "best_validation_precision": 0.0,
  "best_validation_recall": 0.0,
  "best_validation_f1": 0.0,
  "best_validation_loss": 0.09939446159399651
}