{
  "best_epoch": 0,
  "peak_worker_0_memory_MB": 532.3125,
  "training_duration": "0:00:22.591049",
  "training_start_epoch": 0,
  "training_epochs": 0,
  "epoch": 0,
  "training_precision": 0.5609756112098694,
  "training_recall": 0.058375634253025055,
  "training_f1": 0.10574711859226227,
  "training_loss": 0.08281019609118337,
  "training_worker_0_memory_MB": 532.3125,
  "validation_precision": 0.0,
  "validation_recall": 0.0,
  "validation_f1": 0.0,
  "validation_loss": 0.09939446159399651,
  "best_validation_precision": 0.0,
  "best_validation_recall": 0.0,
  "best_validation_f1": 0.0,
  "best_validation_loss": 0.09939446159399651
}